sample_id,id,y,x0,x1,x2,x3,x4,x5,x6,x7,x8,x9
0,0,0,1.429037,0.321254,1.48449,1.524843,0.847409,0.92835,0.714407,1.504293,0.165409,1.155652
1,1,0,0.459891,3.885905,0.567086,0.271451,2.451803,1.922,1.430197,1.321574,0.988859,2.020138
2,2,0,0.259021,2.786709,0.638572,0.060502,0.40905,3.418837,4.307272,1.842324,1.922319,3.156163
3,3,1,-0.252473,2.594554,-0.314872,-0.307605,-0.664929,-0.713526,-0.96986,-0.563022,-1.14014,-0.398762
4,4,1,-0.716338,-1.295784,-0.71996,-0.675712,-0.134515,-0.418358,-1.156052,-1.019363,0.36116,-0.445866
5,5,1,-0.910995,-0.732345,-0.949311,-0.77978,0.864944,-0.969255,-1.272632,-1.586402,0.052164,-0.386571
6,6,1,-0.52168,-0.354547,-0.542734,-0.529278,-1.687182,-1.046355,-1.057031,-1.018297,-1.167642,-0.844305
7,7,1,0.039513,-1.194821,0.203699,-0.125485,-0.051226,0.694887,0.238492,-0.057956,-0.119321,0.450762
8,8,0,-0.053674,1.182698,-0.037566,-0.162753,2.061664,0.905449,0.316212,0.570903,1.213731,1.903765
9,9,1,-0.666638,1.73311,-0.660984,-0.631588,0.56686,-0.585662,-0.436999,-0.420653,0.116875,-0.359971
10,10,1,-0.712196,-0.774684,-0.748256,-0.67747,-0.805204,-1.022181,-1.066914,-0.849434,-1.089989,-0.564455
11,11,1,-0.515468,-0.756771,-0.281214,-0.527344,-0.651778,0.965882,1.043037,0.298347,0.534263,1.078069
12,12,1,-0.490618,-0.331749,-0.535883,-0.497635,-0.296707,-0.46734,-0.350164,-0.864965,1.137695,-0.738461
13,13,0,0.60692,2.633636,0.632615,0.478885,3.955374,1.696171,0.923099,1.320051,2.477217,1.366232
14,14,0,0.3315,0.817928,0.251356,0.184435,0.194255,1.111558,0.415041,1.047495,1.289766,1.410564
15,15,1,-0.523751,-0.9359,-0.549585,-0.518906,0.698367,-0.301944,-0.230706,-0.137134,0.775312,0.659126
16,16,1,0.254879,-1.046633,0.209656,0.074214,-0.441366,-0.377645,-0.485934,0.347072,-0.28757,-0.733474
17,17,0,1.884619,-0.408286,1.773413,1.87291,1.044671,0.325926,0.689459,1.470795,-0.342574,-0.74234
18,18,0,-0.107515,0.204007,-0.085224,-0.229378,0.597545,1.16245,0.918301,0.773416,1.179757,1.216609
19,19,0,-0.124082,0.370108,-0.132881,-0.213029,2.026595,1.032677,1.09581,1.434251,1.616558,1.881599
20,20,1,-0.608655,-0.033745,-0.543926,-0.620865,-0.160816,-0.186167,-0.242699,-0.062524,-1.091607,0.05066
21,21,0,0.853348,0.254488,0.912602,0.728509,-0.831505,0.206332,-0.20336,0.581561,0.268947,-0.504606
22,22,1,-0.190348,-0.084227,-0.159688,-0.282643,1.316453,0.36982,-0.032568,0.427773,0.998566,0.149854
23,23,0,-0.109586,1.873156,-0.025652,-0.207756,0.917547,4.315794,2.766307,0.95309,3.664668,3.361201
24,24,1,-0.809525,2.622237,-0.858464,-0.720187,-1.421536,-1.179499,-1.194624,-1.28796,0.016573,-0.602692
25,25,0,0.317004,0.383135,0.194763,0.162637,-0.099446,0.481144,0.43567,0.121718,0.443667,0.763308
26,26,1,-0.817808,-0.595556,-0.814083,-0.735833,-0.586024,-0.569123,-0.634657,-0.454456,-0.363605,-0.903046
27,27,0,1.779007,0.147012,1.746605,1.732277,-0.572873,-0.131459,-0.016736,0.978975,-0.565828,-1.000578
28,28,1,-0.103373,-0.577643,-0.165645,-0.199142,-1.426358,-0.044944,-0.24078,-0.190427,-1.017189,0.224112
29,29,1,-1.726901,-0.999409,-1.693361,-1.222423,1.14111,-0.852841,-1.305831,-1.745063,0.050546,0.547186
30,30,0,1.317213,1.286918,1.234289,1.245335,-0.213419,0.838655,1.415804,0.892184,0.653979,0.039023
31,31,0,2.468592,0.407562,2.640181,2.642876,-0.22657,1.388279,1.480091,1.058154,-0.109614,0.256807
32,32,1,-0.42021,-0.139593,-0.458142,-0.454391,-0.152049,-0.255506,-0.475379,-0.538203,-0.196974,-0.264102
33,33,1,-0.908925,-0.44574,-0.86323,-0.801227,-0.485202,-0.01759,-0.386625,-0.538203,0.063489,-0.447528
34,34,0,0.271446,0.38802,0.194763,0.151913,-0.340543,-0.280951,0.06914,-0.039684,-1.001011,-0.79831
35,35,0,0.971385,0.694167,1.323647,0.793551,-1.256713,0.865372,0.439988,0.945477,0.445285,1.017112
36,36,1,-1.12222,-0.465281,-0.915951,-0.929379,-0.792053,0.684709,1.587076,0.485634,-0.49141,1.997972
37,37,0,0.174117,1.734739,0.310928,0.050658,1.789881,1.542225,1.529986,1.54845,0.181587,1.260942
38,38,1,-0.801242,-1.088973,-0.828082,-0.71755,0.154802,-1.085159,-0.962664,-0.382891,-1.101313,-1.30869
39,39,0,0.314933,0.451529,0.483686,0.176876,0.400283,1.351383,1.506478,1.35355,0.247916,0.623106
40,40,0,0.339783,0.975886,0.257314,0.189884,-1.050685,-0.467976,-0.22159,-0.440448,-0.352281,-0.86758
41,41,1,-0.573451,-1.634499,-0.604391,-0.582718,0.268776,-0.812128,-0.709978,-0.315133,-0.119321,-0.899721
42,42,1,0.008451,-0.836565,-0.147774,-0.181211,-0.463284,-0.631464,-0.720533,-0.531351,-0.60789,-0.868688
43,43,0,-0.153073,0.055819,0.001155,-0.24643,1.255083,1.070209,1.107324,1.693103,-0.151676,1.283108
44,44,1,-0.010186,-0.067942,-0.043523,-0.107027,-1.662195,-0.238966,-0.555018,-0.5985,-0.428317,-0.398208
45,45,1,-1.196769,1.394395,-1.214107,-0.966822,-1.098904,-1.162132,-1.305831,-1.745063,-0.688779,-0.789998
46,46,1,-1.388321,0.22192,-1.346356,-1.066496,1.382207,-0.537316,-0.874006,-1.322068,0.115258,-0.378258
47,47,1,-0.409856,-0.266612,-0.399464,-0.449996,0.194255,-0.237058,-0.148188,-0.400707,0.513232,-0.512365
48,48,1,-0.635576,-0.864248,-0.697323,-0.592739,-1.256713,-1.122819,-1.006321,-1.128081,0.000395,-0.893071
49,49,0,1.959169,0.48247,1.877663,1.983658,0.128501,0.440431,0.429434,1.026178,0.2738,-0.07735
50,50,1,-0.900641,2.055541,-0.955268,-0.77521,-1.740223,-1.267986,-1.305831,-1.745063,-2.159342,-1.379622
51,51,0,0.811931,0.785359,0.68623,0.688077,2.329063,1.515507,2.223228,1.352027,0.603827,2.286134
52,52,1,-0.809525,0.194236,-0.50997,-0.710519,0.295077,0.979241,0.986906,0.622673,-0.583624,0.63031
53,53,1,-1.12429,1.5035,-1.122664,-0.919359,0.264392,-0.529682,-0.346326,-0.355331,-1.091607,-0.061834
54,54,0,1.157759,0.085131,1.040681,1.076575,0.73782,-0.004231,0.497558,0.554153,0.280271,-0.29458
55,55,1,-0.643859,-0.245442,-0.659197,-0.642136,0.343297,-0.144817,0.390094,-0.513536,-0.310219,0.246278
56,56,0,1.832848,1.140359,2.077228,1.943226,0.930698,1.033313,2.480375,2.416366,0.480876,0.203608
57,57,1,-0.376722,-0.641152,-0.406017,-0.450875,0.663299,-0.35856,-0.623143,-0.520083,0.275418,0.090005
58,58,1,-0.393289,1.871527,-0.440271,-0.441206,-1.103288,-0.738972,-0.796334,-0.53333,-0.692015,-1.081485
59,59,1,-0.42021,-1.35278,-0.317851,-0.451578,-0.69123,0.090554,0.06914,-0.348327,-0.266539,-0.595488
60,60,0,2.843411,1.293432,3.110797,2.955784,1.09289,2.247704,1.801046,2.620403,-0.882913,1.172276
61,61,1,-0.391218,-0.574386,-0.356573,-0.433999,0.917547,0.826568,0.412642,0.397319,0.532645,1.072528
62,62,1,-1.296169,-1.04989,-1.241212,-1.00286,-1.490797,-0.550038,-0.635617,-0.970486,0.61677,0.052877
63,63,0,1.53672,2.047399,1.42194,1.494959,-0.69123,-0.39482,0.236573,0.733827,-0.531855,-0.973978
64,64,0,1.192963,-0.098883,1.153867,1.051965,1.496181,0.254042,1.240695,1.563677,0.212324,-0.177099
65,65,0,-0.710125,1.573523,-0.596944,-0.644421,2.565776,0.098824,0.624213,0.423205,0.102315,0.671317
66,66,1,-1.126361,-0.592299,-1.077688,-0.91971,0.601928,-0.188711,-0.450432,-0.47623,-0.339339,0.600939
67,67,0,0.169975,1.269005,0.135192,0.013566,2.311528,0.965882,0.624693,0.867821,0.780165,1.061445
68,68,1,-0.260756,0.107929,-0.275853,-0.306902,-1.695949,-0.700167,-0.653847,-0.815327,-0.384637,-1.149092
69,69,1,-0.790887,-1.315326,-0.774766,-0.715089,-1.098904,0.159257,-0.015297,-0.137134,-0.480086,0.822603
70,70,1,-0.552743,1.246207,-0.596349,-0.550197,-1.239179,-0.998771,-1.040815,-0.900443,-0.803642,-0.97287
71,71,1,-0.453343,-2.147457,-0.473631,-0.483572,0.558093,-0.740244,-0.89617,-0.617229,-0.308601,-0.666975
72,72,1,-0.606584,-1.281128,-0.473035,-0.589574,0.452886,0.02694,-0.830156,-0.498461,0.919295,0.46905
73,73,1,-0.664567,0.011851,-0.68243,-0.637741,0.198638,-0.499147,-0.674477,-0.353352,0.323951,-0.76894
74,74,1,-1.078732,-0.18519,-1.087219,-0.888068,0.391516,-0.953351,-0.901735,-0.751071,-1.112638,-0.306218
75,75,1,-0.428493,0.917263,-0.494183,-0.451051,-0.423831,0.579746,0.570481,0.051676,-0.120938,0.65968
76,76,0,1.267513,-1.102,1.275989,1.282251,0.676449,1.96653,0.510512,1.455568,1.375509,1.488146
77,77,1,-0.726692,1.036139,-0.702088,-0.68749,-0.090679,-0.538588,-0.381348,-0.605352,0.103933,-0.405966
78,78,0,1.928106,0.215406,1.728734,1.985416,-0.493969,0.400354,2.048118,1.460136,0.364396,-0.302339
79,79,1,-0.666638,0.249603,-0.660388,-0.628776,0.448503,-0.226243,-0.747399,-0.486889,0.281889,-0.578309
80,80,1,-0.032965,0.559006,-0.129902,-0.135154,-0.914793,-0.494058,-0.864986,-0.687423,-0.612744,-0.636496
81,81,1,-1.302174,-1.299041,-1.250743,-1.017099,-1.353152,-0.823579,-0.852896,-1.019972,-0.755108,-0.533977
82,82,1,-0.527893,-1.427688,-0.592179,-0.535431,-0.796437,-0.361105,-0.61019,-0.854307,-0.758344,0.93953
83,83,0,1.323425,0.855382,1.133017,1.269946,0.290694,0.585471,0.570961,0.85564,0.17188,-0.044655
84,84,0,0.379129,0.979143,0.310928,0.262662,0.28631,-0.308942,-0.004742,0.584607,-0.365223,-0.289039
85,85,0,1.089422,2.094623,1.135996,0.978132,0.338913,0.775677,1.764105,1.254577,0.115258,0.377059
86,86,1,-0.652142,2.138591,-0.632092,-0.620162,0.360831,-0.325481,0.096485,-0.704325,-0.027107,-0.650904
87,87,0,1.952956,-0.180304,1.663205,1.918616,0.759738,0.393357,0.76526,1.298734,0.773694,0.30779
88,88,0,0.687682,-0.128194,0.781544,0.54217,1.662757,0.885093,1.101567,2.127061,0.336894,0.369301
89,89,1,-1.240257,-1.513995,-1.138153,-1.020263,2.535091,0.571476,-0.29883,-0.184337,0.222031,2.286134
90,90,0,3.007006,-0.294295,3.10484,3.342525,-0.546572,0.688526,0.51435,1.702239,0.01172,-0.619317
91,91,0,1.865981,-0.014204,1.564912,1.850057,1.693442,2.170731,2.766787,2.072245,-0.245507,2.535505
92,92,1,-1.211265,-0.400144,-1.196831,-0.965064,0.400283,-0.824215,-1.007761,-0.894201,0.14276,-0.562239
93,93,1,-1.041457,-0.437598,-0.981182,-0.886134,0.417818,-0.19062,-0.901208,-0.751071,-0.645099,0.451317
94,94,1,-1.285815,-0.370832,-1.150961,-1.025712,-0.450133,0.766771,0.905348,-0.001617,0.378956,1.194443
95,95,0,0.230029,0.37825,0.173913,0.04679,0.904396,0.751503,0.451982,0.526746,1.356095,1.039278
96,96,1,-0.153073,-1.250188,-0.263939,-0.22973,-0.187118,-0.912002,-1.051226,-0.848216,-1.295447,-0.726824
97,97,1,-1.250611,-1.631243,-1.254913,-0.994422,0.001377,-0.887193,-0.880434,-0.796903,-0.729224,-0.344455
98,98,1,-0.430564,-0.134708,-0.388443,-0.50871,0.084665,0.073378,-0.071428,0.170443,0.343365,-0.042993
99,99,1,-0.94827,-0.803996,-0.928759,-0.82531,1.48303,-0.325481,-0.703262,-0.296404,-0.195356,1.820641
100,100,1,-0.648001,-1.183422,-0.690472,-0.611372,-0.213419,-0.833757,-0.891517,-0.675394,-0.625686,-0.275185
101,101,1,-1.375274,-0.986381,-1.274274,-1.048038,1.754812,-0.113647,-0.127559,-0.14627,0.04084,0.983863
102,102,1,-0.581734,-0.42457,-0.569839,-0.578851,-1.199727,-0.244691,-0.392382,-0.584035,-0.349045,-0.349442
103,103,0,1.961239,2.237926,2.303601,1.653171,1.430427,3.904848,3.197605,2.289985,1.919083,2.219635
104,104,1,-0.240048,-1.045005,-0.225217,-0.297761,0.509873,-0.489605,-0.159223,0.216123,0.123347,-0.629292
105,105,0,1.298575,-1.46677,1.338539,1.220724,0.220556,-0.313395,0.613179,0.729259,-0.868353,-0.3971
106,106,0,0.851277,1.593064,0.760694,0.709172,0.492339,1.004687,1.110202,0.902842,-0.648335,-0.249694
107,107,0,1.089422,0.062333,1.076424,0.958795,-0.064377,-0.137184,-0.085341,0.522178,0.566618,-0.42647
108,108,1,-0.962766,0.135613,-0.918334,-0.831639,0.45727,-0.02077,-0.287316,-0.243568,-0.989687,-0.064605
109,109,0,1.88669,-1.359293,2.303601,2.001237,1.307686,2.616665,2.109526,2.296076,2.750622,1.937015
110,110,1,-0.664567,-1.386977,-0.723832,-0.647058,0.470421,-0.439986,-0.383747,-0.458568,-0.208298,0.200283
111,111,1,-0.231765,1.000313,-0.246067,-0.319559,-0.708765,-0.529046,-0.211036,0.206987,-0.048138,-0.818814
112,112,1,0.018805,-0.541818,-0.082245,-0.087866,-1.392605,-0.82994,-0.658165,-0.22088,-1.413545,-1.21282
113,113,1,0.735311,-1.181794,0.590915,0.579086,-1.4794,-0.982868,-0.80305,-0.475012,-1.808284,-1.398463
114,114,1,-0.792958,0.967744,-0.770596,-0.710343,-1.618359,-0.751695,-0.958538,-1.011902,0.555294,-0.914129
115,115,1,-0.492689,1.638661,-0.548691,-0.5008,-0.423831,-0.586935,-0.135715,-0.7564,-0.855411,-0.638713
116,116,1,-0.625221,0.23169,-0.627326,-0.614185,0.356447,0.320201,0.040354,-0.012276,0.802814,-0.016393
117,117,1,-0.809525,0.07536,-0.833146,-0.740579,-0.901643,-0.999916,-0.944625,-0.800557,0.592503,-0.776144
118,118,1,-0.614867,-0.466909,-0.679153,-0.588344,-1.549975,-1.323648,-1.073966,-0.981753,-1.478256,-1.233324
119,119,1,-0.192419,-1.51888,-0.224919,-0.30655,-0.05561,-0.043671,-0.461946,-0.518408,-0.842468,0.179225
120,120,1,-0.604513,0.453158,-0.677068,-0.591156,-0.445749,-1.041647,-1.132208,-1.138587,-0.560975,-0.658108
121,121,0,1.631978,0.850497,1.612569,1.639107,0.812341,2.57468,1.616341,0.972885,1.247704,1.57127
122,122,0,0.892693,0.350566,0.653465,0.66874,-1.103288,-0.852841,-0.226868,0.059289,3.205219,-1.265465
123,123,0,1.292363,3.125425,1.010895,0.927153,0.181104,0.758501,0.249047,1.400752,-0.077258,0.056202
124,124,1,-0.358085,-0.983124,-0.277044,-0.39304,-0.213419,0.357097,-0.073347,-0.140179,0.786637,0.68905
125,125,1,-0.318739,-1.347894,-0.396188,-0.365968,-1.348769,-1.24553,-1.218324,-1.207259,-1.284123,-1.005565
126,126,0,2.019222,-0.274754,2.193393,2.096165,1.632072,1.082296,1.478172,1.677876,0.519703,-0.213673
127,127,1,-1.407372,-1.176908,-1.309422,-1.063508,1.390974,-0.195709,-0.464345,-0.448975,0.133053,1.161193
128,128,1,-0.283535,-0.291038,-0.362232,-0.339247,-0.182734,-0.367466,-0.405815,-0.153883,-1.077047,-0.814381
129,129,1,-0.206915,-1.33161,-0.278832,-0.305847,-1.103288,-0.936175,-1.137102,-1.240758,-1.685332,-0.878109
130,130,0,0.963102,1.467675,0.829202,0.772457,-0.038076,-0.468613,-0.307946,-0.015321,-0.641864,-0.247477
131,131,1,-1.087016,-1.007551,-1.078879,-0.879102,-0.138898,0.145898,2.635815,0.647036,0.335276,2.324925
132,132,1,-1.012466,-1.632871,-1.013648,-0.854492,0.084665,-0.56785,-0.892524,-0.72549,0.058635,-0.372717
133,133,1,0.101638,-1.373949,0.036898,-0.032668,-0.441366,-0.391004,-0.110288,-0.346348,-0.444494,-0.746219
134,134,0,-0.202773,1.39928,-0.088202,-0.2677,0.246858,0.121089,0.725441,0.3288,-0.328014,-0.024151
135,135,0,2.06271,0.498754,1.928299,2.110228,0.781656,2.01933,2.077863,1.942819,1.500078,0.928447
136,136,1,-0.714267,-1.580761,-0.700599,-0.650574,0.983301,-0.097107,-0.297391,-0.381064,0.18644,0.071164
137,137,0,0.869914,-0.092369,0.763673,0.740814,0.413434,0.607736,0.413122,0.561767,-0.708193,-0.36385
138,138,0,3.052564,1.438363,2.941018,3.627307,0.6896,1.007232,1.486328,2.203194,0.327187,0.156504
139,139,1,-0.648001,0.583433,-0.647878,-0.630885,1.597003,0.074651,0.072498,0.109537,-0.153294,0.389251
140,140,1,-1.058024,0.189351,-1.05088,-0.87295,0.343297,-0.725613,-0.799692,-0.755486,-0.010929,-0.404858
141,141,1,-0.879933,0.420589,-0.877527,-0.780484,-1.037534,-0.48388,-0.555498,-0.768581,0.43396,-0.200928
142,142,1,-0.242119,0.042792,-0.288065,-0.318504,0.067131,-0.5036,-0.643293,-0.540487,-0.36037,-0.99282
143,143,1,-0.494759,-0.598813,-0.490013,-0.492186,-0.993698,-0.659455,-0.459548,-0.491153,0.199382,-0.801081
144,144,1,-0.583805,2.01483,-0.660686,-0.565491,-1.672278,-1.285861,-1.305831,-1.745063,-0.795553,-0.915238
145,145,0,0.522016,-1.406518,0.528365,0.389232,0.90878,0.661808,1.491126,1.036837,0.509996,0.945071
146,146,1,-0.366368,-0.844707,-0.332744,-0.439624,-0.051226,0.148443,-0.399099,-0.63611,0.458227,-0.11725
147,147,1,-0.610726,-0.665579,-0.616305,-0.581488,0.886862,-0.677903,-0.591,-0.250572,-0.15653,-0.205361
148,148,0,0.977597,1.216895,1.070467,0.846289,0.549325,-0.311486,0.574799,1.036837,-0.449348,-0.440878
149,149,0,0.163763,0.401048,0.099449,0.028859,1.447961,0.724786,-0.021054,0.624196,0.47764,1.726435
150,150,1,-0.171711,-0.02886,0.230506,-0.258559,-0.537805,1.974164,1.839426,0.321186,-0.090201,2.26951
151,151,1,-1.180203,-1.276243,-1.174194,-0.973854,2.307145,-0.283496,-0.82627,-0.639307,1.262264,0.325523
152,152,0,-0.281464,0.133984,-0.249939,-0.550021,3.394275,3.893397,1.989588,2.175786,6.046041,4.93501
153,153,0,0.996235,-0.043516,0.918559,0.823436,0.693984,0.758501,0.277832,1.260668,0.257622,0.060081
154,154,1,-0.614867,-0.11191,-0.656516,-0.587641,-0.191501,-0.421538,-0.600115,-0.692448,-0.591712,-0.22254
155,155,0,1.329638,-0.624868,1.335561,1.150408,-0.577257,0.189156,0.624693,1.248486,-0.276245,0.150409
156,156,0,2.155897,1.270634,2.062335,2.124291,0.733436,3.207003,1.94689,2.675218,1.936879,2.463465
157,157,1,-1.305488,0.376621,-1.21083,-1.018857,-1.041918,-0.417085,-0.409653,-1.354653,-0.84894,0.449654
158,158,1,-0.900641,-1.61333,-0.915355,-0.785054,0.189871,-0.458434,-0.889933,-0.433901,-1.292212,-0.892517
159,159,0,2.000585,0.091645,1.901492,2.061007,0.75097,1.00087,1.630733,1.269803,0.108787,0.85031
160,160,1,-0.432635,-0.414799,-0.35836,-0.492362,0.452886,0.668169,0.232255,-0.252247,-0.132263,1.543562
161,161,0,0.310792,-0.885418,0.310928,0.191466,0.733436,0.5015,0.290305,0.161307,0.831934,0.745575
162,162,0,0.128559,1.622376,0.176892,-0.056048,0.645764,0.217146,0.515309,0.278552,0.920912,-0.274077
163,163,0,1.640261,1.324372,1.570869,1.389484,-0.200268,0.555572,0.470692,1.531701,0.598974,-0.422591
164,164,0,2.431317,0.414075,2.291686,2.676276,-0.419448,0.661808,0.588232,1.827097,1.113428,0.439125
165,165,0,2.982156,0.822813,2.833789,3.560506,0.838642,0.086101,1.006096,1.435773,-0.497881,-0.36385
166,166,1,-0.304244,0.710451,-0.28598,-0.385129,-1.396988,-0.516959,-0.60875,-0.802689,-0.735695,-0.759519
167,167,1,-0.304244,-0.035373,-0.189474,-0.336611,0.119734,0.640179,0.854974,0.053198,-0.546415,-0.122237
168,168,1,-0.710125,-0.838193,-0.665154,-0.711046,1.255083,-0.072298,-0.227827,0.261803,0.715454,0.454641
169,169,0,1.665111,0.112814,1.606612,1.581096,0.014527,-0.106013,-0.00954,0.942432,-0.471997,-0.919671
170,170,1,-1.033174,-0.825166,-1.064284,-0.861699,0.343297,-0.116191,-0.395261,-0.261383,-0.473615,0.724517
171,171,1,-0.385006,-0.851221,-0.454568,-0.428374,-0.857807,-0.761237,-1.252098,-1.364398,-0.40405,-0.00531
172,172,1,0.103709,-1.429316,0.093491,-0.012979,-0.11698,-0.647368,-0.522875,-0.089932,0.260858,-1.287078
173,173,0,0.025018,-0.587414,0.024984,-0.095952,0.825491,0.457607,0.233695,0.347072,0.270565,-0.242489
174,174,1,-0.604513,-0.991267,-0.613922,-0.586937,-0.998082,-0.56785,-0.623143,-1.011902,-0.677455,-1.157405
175,175,1,-0.600372,-0.52879,-0.54333,-0.585707,-0.998082,-0.343929,-0.160182,-0.334319,-1.261474,-0.668637
176,176,1,-0.749471,-0.730716,-0.785787,-0.683447,0.28631,-0.611108,-0.440357,-0.282091,-0.383019,-0.324505
177,177,1,-1.512777,-0.605327,-1.489328,-1.122222,-0.11698,-0.754239,-0.975761,-1.354653,0.330422,-0.546168
178,178,1,-0.664567,-1.224133,-0.688089,-0.640202,0.597545,-0.908185,-0.78434,-0.547643,-0.219623,-0.326167
179,179,1,-0.627292,0.262631,-0.448611,-0.587992,-0.91041,0.17198,-0.171216,0.013609,-0.704957,0.879127
180,180,0,0.225888,-0.245442,0.361564,0.061029,0.992068,1.59248,1.991028,1.505816,2.174692,1.166735
181,181,1,-1.400331,-1.673582,-1.410693,-1.064738,1.794265,-0.829304,-0.74548,-1.072199,0.516467,0.349906
182,182,1,-0.032965,-0.435969,-0.079266,-0.152733,-0.472051,-0.57612,-0.986891,-0.453086,-0.803642,-1.089797
183,183,1,-0.341518,-1.676839,-0.379508,-0.399544,0.308228,-0.749786,-0.557897,-0.199563,-1.19838,-0.632617
184,184,1,-1.062166,-0.009318,-1.083645,-0.87084,-0.393146,-0.636553,-0.693187,-0.746198,0.442049,0.071718
185,185,0,0.954818,1.044281,0.858987,0.814646,1.360289,0.64654,1.375025,1.06729,1.017979,0.048444
186,186,1,-0.786746,-0.431084,-0.837316,-0.706651,0.698367,-0.616197,-0.526713,-0.444407,0.257622,-0.893071
187,187,1,-0.6977,-0.890303,-0.759575,-0.641081,-2.116335,-1.317732,-1.19851,-1.313846,-1.617385,-1.36466
188,188,0,0.896835,-0.251956,0.829202,0.774214,-0.191501,-0.156268,-0.04744,0.272461,0.194529,-0.225865
189,189,0,1.698245,1.905725,1.651291,1.742824,-0.441366,0.138901,0.683223,0.634854,-0.750255,-0.036897
190,190,1,-0.67078,0.940061,-0.695833,-0.659188,-0.524654,-0.578665,-1.008672,-1.248067,0.256005,-0.425916
191,191,0,0.302508,-0.076084,0.191785,0.166328,0.448503,-0.271409,0.298461,-0.150838,-0.266539,-0.244706
192,192,0,1.441462,0.239833,1.332582,1.343778,-0.993698,-0.005503,0.177564,0.710987,0.516467,-1.113072
193,193,1,0.145126,-1.064546,0.173913,-0.033546,-0.388763,0.004675,-0.291634,0.159785,0.408076,0.313331
194,194,0,0.731169,-0.102139,0.677294,0.579086,-0.932328,-0.672177,-0.378949,-0.076228,0.605445,-1.067077
195,195,1,-0.94827,-0.076084,-0.915951,-0.826541,0.049596,0.004675,-0.090138,-0.435575,-0.478468,0.169804
196,196,0,0.114063,0.397791,0.361564,0.014269,1.37344,2.056226,2.031327,0.608969,3.009467,3.117372
197,197,1,0.039513,-0.639524,-0.106074,-0.069935,-1.370687,-1.166649,-1.07814,-0.859941,-0.599801,-1.495995
198,198,0,-0.161357,0.822813,-0.031609,-0.248363,1.662757,1.81831,1.280035,1.391616,2.389857,1.28865
199,199,0,1.153617,-0.110282,1.001959,1.062512,0.483572,0.140173,0.542655,0.959181,-0.143587,-0.108937
200,200,1,-0.650071,-1.04012,-0.584136,-0.61647,-1.304933,-0.071025,0.169888,-0.353352,-0.361988,0.237966
201,201,0,0.741523,0.943318,0.623679,0.593149,-0.366845,-0.672177,-0.724851,-0.491153,-0.725988,-1.041586
202,202,1,-0.726692,-0.589042,-0.750044,-0.681865,-0.69123,-0.994446,-1.279358,-1.491235,-0.138734,-0.541181
203,203,1,-0.681134,0.006966,-0.723236,-0.640026,-1.046301,-1.069447,-1.040863,-1.179395,-0.756726,-1.014986
204,204,0,1.294434,0.93029,1.141953,1.247093,0.619463,-0.170263,0.596387,0.354685,0.336894,-0.434782
205,205,1,-1.330337,-0.102139,-1.322527,-1.027998,-0.967396,-1.089612,-0.922365,-1.354653,-0.753491,-0.555035
206,206,1,-0.573451,-0.422942,-0.646389,-0.55635,-1.25233,-1.196102,-1.279065,-1.611495,-0.640246,-1.088135
207,207,0,0.464033,1.228294,0.415178,0.29782,1.474263,-0.118736,0.627092,0.578516,-0.399197,0.578219
208,208,0,0.579999,0.84724,0.480707,0.452516,0.615079,-0.427264,0.092168,0.704897,0.207471,-0.098963
209,209,1,-0.233835,-0.338263,-0.250833,-0.30198,-0.209036,-0.783502,-0.448993,-0.271433,-0.638628,-0.427578
210,210,1,-0.190348,0.55575,-0.288363,-0.265064,-0.472051,-0.652457,-0.80257,-0.652707,-0.41861,-0.798864
211,211,1,-0.523751,-0.751886,-0.492694,-0.509062,-1.623181,-0.464796,-0.393821,-0.481864,-1.476638,-0.743448
212,212,0,0.122346,1.49373,0.230506,-0.121794,1.03152,0.96461,0.490362,0.95309,2.949609,1.033737
213,213,0,1.043864,0.111186,0.951324,0.930669,-0.393146,-0.062119,0.391533,0.647036,0.493818,-0.807177
214,214,0,1.669253,2.195586,1.639376,1.693603,0.869327,0.255951,0.511471,0.838891,0.40484,-0.219215
215,215,0,0.025018,1.356941,0.129234,-0.129529,1.811799,0.368547,0.521546,0.802347,0.289978,0.520032
216,216,1,-1.515262,-0.527162,-1.507497,-1.125913,0.102199,-1.123391,-1.305831,-1.745063,0.39028,-0.154378
217,217,1,-0.157215,-0.929386,-0.226408,-0.237816,-2.083458,-0.833121,-0.782421,-1.054232,-0.580388,-0.981736
218,218,0,0.149267,1.562124,0.039877,0.04556,-0.257255,-0.381461,0.214505,0.057766,-0.40405,-0.552818
219,219,1,-1.304866,-0.78934,-1.340697,-1.013934,-2.682695,-1.443878,-1.305831,-1.745063,-1.604443,-1.017203
220,220,0,0.526157,0.275658,0.590915,0.376926,2.429885,1.232425,0.950924,1.341368,1.106957,1.249858
221,221,0,0.302508,-0.491336,0.373478,0.084761,1.93454,1.247056,0.818993,1.648946,0.577943,1.948098
222,222,1,-0.387077,0.217034,-0.465589,-0.412728,-1.681045,-0.385914,-0.424046,-0.892221,-0.667748,-0.134983
223,223,1,-1.107724,0.099787,-1.145302,-0.904416,-0.033692,-1.014866,-1.207529,-1.382518,-1.563999,0.328848
224,224,1,-0.200702,1.220152,-0.210324,-0.305671,-0.362461,-0.177261,-0.669679,-0.149315,-1.05278,-0.040776
225,225,1,-0.457485,-0.217758,-0.430144,-0.480408,-0.209036,-0.023315,-0.332893,-0.141702,0.217178,-0.40652
226,226,0,1.619553,1.220152,2.089143,1.354326,-0.33616,3.117943,2.168536,2.050928,2.862249,1.100236
227,227,0,1.470454,0.984029,1.877663,1.305104,1.382207,2.303684,2.379147,2.073768,4.10794,0.869706
228,228,0,0.724957,-0.181933,0.641551,0.601939,0.772888,-0.316575,0.051389,0.56938,-0.405668,-1.112518
229,229,1,-0.059886,0.02325,-0.147774,-0.173125,-1.221645,-0.981659,-0.934023,-0.868924,-0.412139,-1.279874
230,230,0,-0.368439,1.252721,-0.453377,-0.399017,0.417818,-0.64864,-0.26141,-0.324269,-0.116085,-0.181532
231,231,1,-0.763967,0.371736,-0.598731,-0.716671,0.102199,1.466524,2.261608,0.109537,0.658832,2.535505
232,232,0,0.354279,0.682768,0.278164,0.198674,0.338913,-0.634009,-0.037365,0.021222,-0.027107,-0.567226
233,233,0,0.840923,1.146872,1.013874,0.733782,0.299461,0.174525,-0.139073,1.058154,-0.954095,0.447992
234,234,1,-0.606584,0.35708,-0.548989,-0.585707,-0.50712,-0.167719,-0.528632,-0.878669,-0.800406,-0.368838
235,235,0,0.623486,0.765818,0.671337,0.422632,1.167411,0.257223,0.419839,0.665308,0.327187,-0.107829
236,236,1,-1.572003,1.011712,-1.571835,-1.154919,1.193713,0.331651,0.321969,-0.983733,-0.179178,1.2554
237,237,0,1.38555,1.435106,1.335561,1.349052,1.211247,-0.062755,-0.039764,0.622673,0.176733,0.368747
238,238,1,-0.886145,-1.527023,-0.923695,-0.7731,0.075898,-1.0468,-0.964439,-0.906686,-0.067552,-0.899167
239,239,1,-0.894429,-0.807253,-0.877825,-0.772397,-1.085753,-0.839482,-0.837832,-1.225379,-0.971891,-0.900829
240,240,1,-1.060095,-0.172162,-1.076794,-0.87963,0.281926,-0.819126,-0.998357,-1.364398,0.252769,-0.28793
241,241,1,0.217604,-1.289271,0.07562,0.083706,0.132884,-0.751695,-0.371753,0.321186,-0.971891,-0.645362
242,242,1,-0.550672,-1.043377,-0.596944,-0.554943,-0.138898,-0.298127,-0.446594,-0.115817,0.338511,-0.444757
243,243,0,3.491579,-0.34152,3.635028,4.137101,0.904396,2.159281,1.789052,2.451387,1.276824,0.232978
244,244,0,0.205179,1.829188,0.084556,0.089332,-0.770135,-0.989865,-0.563654,-0.743914,0.537498,-1.235541
245,245,1,-0.26904,-1.422803,-0.350913,-0.319735,-1.847183,-1.24623,-1.239673,-1.408555,-1.025278,-1.220579
246,246,1,-0.159286,0.068847,-0.248748,-0.248715,-1.199727,-1.132615,-0.797293,-0.955564,-0.915269,-1.181233
247,247,1,-1.014537,-1.768031,-1.037775,-0.858535,-1.720497,-1.139994,-1.16747,-1.258725,-1.225882,-0.970653
248,248,1,-0.573451,0.374993,-0.558223,-0.577093,0.110966,-0.438078,-0.650489,-0.207176,-0.683926,-0.353321
249,249,1,-1.018678,-1.442344,-1.049987,-0.850976,-0.472051,-1.093302,-1.116904,-1.089406,-1.615768,-0.599367
250,250,1,-0.558955,-0.696519,-0.613327,-0.57762,1.123576,-0.5036,-0.399578,-0.464354,0.411311,-0.474682
251,251,1,-0.913066,-0.545075,-0.863528,-0.778726,-1.296166,-0.445075,-0.564134,-0.326858,0.087755,-0.767831
252,252,1,-1.058024,-0.47668,-1.031818,-0.889826,-0.103829,-0.314031,-0.684551,-0.810759,-0.837615,0.349906
253,253,0,0.012593,0.843983,0.066684,-0.095249,0.470421,0.307478,0.226498,0.6379,-0.295659,0.531115
254,254,0,1.443533,0.352195,1.520233,1.363115,-0.638627,0.240047,0.546493,1.178444,0.013337,-1.401788
255,255,0,-0.039178,0.342424,0.337735,-0.168554,-0.033692,1.339296,0.895753,0.884571,0.160555,0.169804
256,256,1,-0.544459,0.225177,-0.617199,-0.558987,-0.152049,-0.75742,-1.089654,-0.969572,-0.033578,-0.172666
257,257,0,-0.264898,-0.077713,-0.349126,-0.319559,-1.68762,-1.291078,-1.190786,-1.303644,-2.16096,-1.601839
258,258,1,0.20725,-1.261587,0.206678,0.000381,-0.454517,-0.339476,-0.273883,0.159785,0.336894,-0.115033
259,259,1,-0.086807,-0.891932,-0.168624,-0.188419,-0.261639,-0.622558,-0.727249,-0.41974,-0.153294,-0.339467
260,260,1,-0.233835,-0.631382,-0.180538,-0.284225,-1.688935,-0.341385,-0.641853,-0.797664,-0.358752,-0.386016
261,261,0,1.71274,1.415565,1.603633,1.744582,0.764121,1.453165,0.917342,1.373344,1.259029,0.817615
262,262,1,-0.900641,-0.940785,-0.819147,-0.774507,0.413434,-0.211612,-0.20288,-0.108204,0.647507,0.37983
263,263,1,-1.103582,-0.385488,-1.129217,-0.904065,-1.509208,-1.201318,-1.114601,-1.406728,-0.326396,-0.919117
264,264,0,1.66097,0.60786,2.139779,1.649655,0.365215,1.0454,1.860055,2.125538,0.045693,0.819278
265,265,1,-1.169849,-1.885279,-1.213213,-0.9452,-0.393146,-1.159206,-1.305831,-1.745063,0.330422,-0.134983
266,266,1,-0.784675,1.869899,-0.744086,-0.714386,-0.112597,-0.016317,0.43567,-0.275239,-1.276034,0.186983
267,267,1,-0.490618,-0.974982,-0.450994,-0.500975,-1.451345,-0.143545,0.298461,-0.196518,-1.458843,-0.702441
268,268,1,-0.538247,-0.126566,-0.580264,-0.54967,0.233707,-0.343293,-0.218232,-0.582969,0.773694,-0.260777
269,269,1,-0.430564,-1.510738,-0.453377,-0.460192,-0.56849,-0.212884,-0.457149,-0.464354,-0.544797,-0.078459
270,270,0,1.901185,0.1177,1.752563,2.015301,0.378365,-0.273318,0.664512,1.629151,-1.360158,-0.709091
271,271,0,1.342063,1.462789,1.499383,1.159197,-0.463284,0.58229,0.965317,1.688535,1.851136,-0.264102
272,272,0,0.290083,0.624144,0.352628,0.138729,1.386591,2.356484,2.015015,0.972885,-0.091818,1.621144
273,273,0,0.85956,0.026507,0.960259,0.630066,0.251241,0.558117,0.377141,1.207374,0.044075,-0.292364
274,274,0,1.097705,0.519924,1.082381,0.978132,-0.511503,1.426448,1.17209,1.294166,-0.970273,2.13097
275,275,0,2.110339,0.957974,2.077228,2.345788,2.109883,0.658627,0.946607,1.444909,1.152255,0.648043
276,276,1,-0.281464,-0.818652,-0.381891,-0.344521,-2.047074,-1.297121,-1.120358,-1.23756,-0.716282,-1.260478
277,277,1,-0.252473,-0.150993,-0.241004,-0.33749,-0.261639,-0.321664,-0.645212,-0.702802,-1.054398,0.053985
278,278,1,-1.213336,0.957974,-1.19832,-0.966647,0.983301,-0.558944,-0.854288,-0.752745,-0.036814,0.452425
279,279,1,-0.801242,-0.015832,-0.729789,-0.71755,0.172337,-0.571667,-0.62842,-0.544141,-1.051162,-0.367175
280,280,1,-0.240048,-0.00769,-0.233259,-0.314109,0.444119,0.014854,-0.37751,0.210032,-0.083729,0.352676
281,281,1,-0.807454,-1.299041,-0.83821,-0.726691,-0.888492,-0.593296,-0.515199,-0.786396,-1.762986,-0.536193
282,282,0,2.358838,0.019993,2.613373,2.366883,-0.130131,0.853922,0.975872,1.958046,-0.25845,0.099426
283,283,0,0.372916,0.389649,0.39135,0.246841,-0.353694,-0.476882,0.038915,-0.07166,-2.099484,-0.873676
284,284,0,0.472316,-0.095626,0.584958,0.26442,0.181104,1.376193,1.105405,0.892184,-0.211534,1.238775
285,285,1,-1.039387,-0.636267,-1.076496,-0.871368,-0.169583,-1.055006,-1.095507,-1.382518,-0.355517,-0.55171
286,286,0,1.805927,-0.369203,1.535126,1.890489,-0.375612,-0.430444,-0.146749,1.087084,-0.24389,0.28119
287,287,1,-1.12222,0.905864,-1.147684,-0.916194,0.886862,-0.858566,-1.011215,-1.17102,-0.04652,-0.050197
288,288,0,1.043864,0.257745,0.972174,0.918363,0.062747,-0.270773,0.347396,0.5237,-0.905562,-0.539518
289,289,1,-0.442989,-0.173791,-0.326191,-0.454742,-1.713045,-0.142909,-0.536308,-0.738889,0.495436,-0.635942
290,290,0,1.646474,0.962859,1.454704,1.528359,-0.586024,0.633818,0.660194,0.650081,1.275206,-0.01473
291,291,1,-0.366368,0.453158,-0.356573,-0.408333,-0.901643,-0.570395,-0.936517,-1.106307,-0.34581,-0.535085
292,292,0,0.741523,-0.095626,0.704101,0.600181,0.404667,-0.087565,0.314773,1.082516,0.383809,-0.156041
293,293,1,-0.561026,0.019993,-0.563882,-0.564436,0.474804,-0.489605,-0.536788,-0.790964,0.239827,-0.727932
294,294,1,-0.606584,1.166414,-0.675579,-0.585004,-0.879725,-1.053734,-0.756514,-0.613574,-0.334485,-0.840426
295,295,1,-0.616938,0.295199,-0.646389,-0.591508,-0.612326,-0.368739,-0.37655,-0.459633,0.133053,-0.6703
296,296,0,0.662832,0.977515,0.668358,0.517559,0.312612,0.325926,0.129588,0.252667,0.93709,-0.429795
297,297,0,1.253017,0.008594,1.219396,1.155681,-1.326851,-0.177261,0.232735,0.109537,-0.096672,-1.027177
298,298,1,-0.608655,-0.032117,-0.628517,-0.586937,-0.230954,-0.963529,-0.80401,-0.684074,-1.923146,-0.582743
299,299,1,-0.126153,-0.667207,-0.180538,-0.229554,-0.564106,-0.821034,-0.769947,-0.610225,-0.284334,-0.643146
300,300,0,-0.012257,0.581805,0.03392,-0.126013,-0.077528,-0.360469,0.30086,0.120195,0.192911,-0.858159
301,301,1,-0.64593,-1.492825,-0.625539,-0.652156,0.439736,-0.016317,-0.853904,-0.825072,-0.281099,1.089153
302,302,1,-0.683205,-0.523905,-0.719066,-0.653386,-0.616709,-0.95017,-0.916991,-0.748634,-0.260067,-1.057102
303,303,0,-0.128223,2.224898,-0.165645,-0.196329,2.022211,1.376193,0.817074,0.476498,0.508378,2.02568
304,304,1,-0.656284,-0.707918,-0.702684,-0.621217,-0.787669,-1.050935,-0.864315,-0.786396,-0.187267,-0.546722
305,305,0,0.515803,-0.60207,0.507515,0.332978,0.487955,1.231153,1.071822,1.271326,0.191293,0.404213
306,306,1,-0.867508,1.314602,-0.81736,-0.752884,-1.768278,-0.706529,-0.78338,-1.427893,-0.083729,-0.724607
307,307,0,1.424896,1.356941,1.585762,1.387726,0.733436,1.090566,1.636491,1.068812,0.87885,0.768849
308,308,1,-0.743259,-0.867505,-0.788467,-0.674833,-0.892875,-0.422174,-0.308426,-0.899073,-0.502735,0.423054
309,309,1,-0.54653,-1.551449,-0.612433,-0.544747,-0.708765,-1.271103,-1.173515,-1.137522,-1.808284,-0.596042
310,310,0,0.029159,0.64857,0.17987,-0.063607,1.097274,0.835474,1.143785,1.377912,1.106957,1.493688
311,311,0,-0.008116,0.686025,-0.052459,-0.245902,0.786039,0.866009,0.482686,0.701851,1.281677,0.677967
312,312,1,-0.327023,1.620748,-0.302362,-0.351553,-0.945479,-0.690625,-0.925195,-0.864813,-0.334485,-0.739015
313,313,1,-0.032965,-1.19645,-0.040545,-0.207404,0.273159,0.21651,-0.365516,0.421682,-0.502735,-0.34113
314,314,1,-1.080803,-0.68512,-1.059816,-0.902834,0.62823,-0.494694,-0.682153,-0.932876,-0.594948,0.040685
315,315,1,-0.662496,-0.558102,-0.730385,-0.627897,-1.36192,-1.147374,-1.268736,-1.319327,-1.180585,-0.752315
316,316,1,-0.654213,1.05568,-0.677068,-0.624908,1.022753,-0.551311,-0.463865,-0.812129,-0.224476,0.252928
317,317,0,2.28843,0.84724,2.369129,2.667486,0.825491,0.386359,1.271399,1.891049,-0.21477,-0.432012
318,318,0,1.099776,0.594832,0.990045,0.976374,1.027137,0.01549,0.559926,1.275894,0.509996,-0.456949
319,319,0,0.279729,1.226666,0.450921,0.028684,0.882478,2.608395,1.351518,2.367641,2.20543,2.413591
320,320,0,0.426758,0.723479,0.316885,0.287273,1.000835,0.962702,1.077099,1.053586,2.996525,0.961696
321,321,0,1.66304,-0.032117,1.576826,1.632076,-0.244104,0.376817,0.820912,1.52561,0.285125,-0.457503
322,322,1,-0.44713,-0.401772,-0.522778,-0.473728,-0.647394,-0.445075,-0.488812,-0.426439,-0.457437,-0.435337
323,323,0,1.818352,1.724968,2.124886,1.837752,-0.187118,1.772508,0.733597,1.21042,-0.133881,0.917364
324,324,1,-0.979333,-0.385488,-0.98416,-0.839901,-0.4589,-0.672177,-0.922652,-1.257355,-0.120938,-0.466924
325,325,1,-0.318739,-0.647666,-0.402145,-0.381613,-0.485202,-0.551311,-0.651448,-0.68118,-0.25845,-0.450299
326,326,0,2.044072,0.401048,1.871706,2.222734,1.316453,0.616006,0.555129,1.438819,1.029304,-0.055738
327,327,1,-0.817808,-1.546564,-0.863528,-0.743743,0.150419,-0.658818,-0.694146,-0.412736,-0.271392,-0.206469
328,328,1,0.188613,-1.214362,0.141149,0.045735,-1.133973,0.157985,0.205869,0.001428,-0.344192,-0.067376
329,329,0,0.619345,0.052562,0.525386,0.484159,0.974533,-0.094562,0.512911,0.560244,-0.103143,-0.208132
330,330,0,1.379337,0.32614,1.338539,1.269946,0.325762,-0.288585,0.208748,0.755144,1.284913,0.102197
331,331,0,0.85956,0.261002,0.870902,0.73554,0.316995,1.950627,0.596387,1.010951,1.441838,1.155652
332,332,1,-0.554813,-0.074456,-0.615412,-0.556174,-0.467667,-0.480063,-0.373672,-0.494807,0.343365,-0.145512
333,333,1,0.014664,-1.211106,0.063706,-0.13533,-0.204652,0.347555,-0.056556,0.382093,0.40484,0.043456
334,334,0,0.741523,0.971001,1.08536,0.607213,0.790423,1.672634,1.659519,2.003725,0.608681,0.994946
335,335,0,2.408538,3.21336,2.172543,2.806362,0.369598,0.988783,0.61078,0.729259,-0.303748,-0.458057
336,336,1,-0.610726,0.086759,-0.546606,-0.59186,0.150419,-0.413905,-0.367435,-0.540791,0.432343,-0.225865
337,337,0,0.828498,1.796619,1.252161,0.682803,1.390974,2.269333,1.733401,1.3368,1.822016,0.82094
338,338,0,-0.078524,0.762561,0.266249,-0.142361,0.536175,1.078479,1.182165,0.458226,1.116664,0.967238
339,339,1,-0.498901,-0.432712,-0.523373,-0.526817,-0.664929,-0.371919,-0.437479,-0.467856,0.641036,-0.310651
340,340,1,-0.422281,-0.558102,-0.506991,-0.450875,-1.326851,-1.223647,-1.296979,-1.575895,-0.747019,-1.166825
341,341,0,0.722886,-0.159135,0.650487,0.610729,-1.935293,-0.368739,-0.089658,-0.347109,-0.860264,-1.017757
342,342,1,0.153409,-1.868995,0.156042,-0.046203,0.952616,0.277579,0.615098,0.465839,-0.556121,-0.118358
343,343,1,-0.52168,-0.699776,-0.481077,-0.522949,-0.296707,-0.391004,-0.74596,-0.899073,-0.387872,-0.240273
344,344,1,-1.486271,0.658341,-1.464904,-1.108862,1.342755,1.124281,1.275717,-0.545359,0.681481,3.582864
345,345,0,-0.24419,2.443109,-0.286278,-0.297409,2.320295,5.112877,3.995433,1.620015,2.370444,6.846856
346,346,1,-0.602442,-0.045144,-0.569541,-0.619635,2.000293,0.213329,0.22266,0.411023,-0.38949,0.48512
347,347,1,-0.619009,-0.96684,-0.704471,-0.594321,-1.437317,-1.205517,-1.159698,-1.096105,-0.274627,-0.869797
348,348,1,-0.397431,1.392767,-0.475716,-0.435405,-0.152049,-0.941264,-0.638975,-0.830706,-0.738931,-0.8903
349,349,1,-0.161357,-0.34152,-0.207346,-0.271919,-0.730683,-0.758692,-0.916512,-0.967897,-0.868353,-0.671962
350,350,1,-0.815737,-0.29918,-0.87157,-0.72757,-0.147665,-1.03554,-0.613068,-0.685139,-0.810113,-0.971762
351,351,0,0.472316,-0.691634,0.421136,0.159648,0.382749,-0.240875,0.303738,0.793211,0.830317,-0.691358
352,352,1,-0.29596,-0.890303,-0.241301,-0.369132,-0.958629,-0.284132,-0.660084,-0.68118,0.683099,-0.384354
353,353,1,-0.809525,0.528066,-0.83404,-0.742864,-0.182734,-0.912638,-1.133983,-1.089406,0.121729,-0.704657
354,354,0,1.342063,-0.45551,1.165782,1.264672,0.387133,0.347555,0.389134,0.78712,-0.632157,0.582098
355,355,0,2.512079,0.379878,2.964846,2.600686,1.65399,2.833589,3.30363,2.685877,1.867314,0.772728
356,356,1,-0.163427,0.259374,-0.040545,-0.258559,-1.304933,0.399718,0.451022,-0.062524,-1.039838,-0.216444
357,357,1,-0.606584,-0.971725,-0.678558,-0.591332,-0.963013,-1.302401,-1.212855,-1.321154,-1.591501,-1.230554
358,358,1,-0.681134,1.060565,-0.629709,-0.690654,1.94769,0.450609,-0.636576,0.246576,-0.158147,0.873031
359,359,1,-0.449201,0.521552,-0.543926,-0.47531,-0.366845,-0.47561,-0.645212,-0.293664,0.896646,-0.830451
360,360,0,0.644194,0.871666,0.656444,0.49998,0.400283,1.350111,2.094174,1.677876,3.111387,0.675751
361,361,1,0.039513,-0.03863,-0.037566,-0.087163,-0.796437,-0.300672,-0.136674,-0.553125,-0.721135,-0.996699
362,362,1,-0.356014,0.567149,-0.23177,-0.424155,0.110966,1.182806,0.211146,-0.030548,1.985412,1.310816
363,363,0,-0.221411,0.728364,-0.058416,-0.306902,1.987143,1.781414,1.707974,1.265235,0.818992,2.23626
364,364,1,-0.89857,0.122585,-0.919823,-0.781714,-0.945479,-1.12619,-1.184309,-1.313846,-0.556121,-0.43312
365,365,0,1.716882,0.770703,1.35939,1.305104,-0.327392,0.421983,1.455144,1.23326,1.707154,0.495095
366,366,1,-0.086807,-0.948927,0.039877,-0.199845,-0.033692,0.122361,0.182841,0.68967,-0.339339,-0.394329
367,367,0,-0.602442,-0.37246,-0.66009,-0.574808,-0.818354,-1.110223,-1.012222,-0.654838,-1.492816,-0.819922
368,368,0,-0.165498,-0.313836,-0.115009,-0.24432,2.048513,1.721616,1.263243,0.905888,1.754069,2.241802
369,369,1,-0.233835,-0.02886,-0.174581,-0.30198,-0.774519,0.397174,0.450063,0.397319,-0.253596,0.246278
370,370,0,0.246596,1.865014,0.501557,0.110075,1.553167,2.56641,2.064909,0.861731,2.131012,2.779335
371,371,1,-0.378793,0.436874,-0.4501,-0.425737,0.461654,-0.318484,-0.645212,-0.10059,-0.376548,-0.122237
372,372,0,0.851277,-0.595556,0.775587,0.723235,-0.266022,0.078468,0.752307,0.59222,-0.095054,-0.093975
373,373,0,1.192963,-1.281128,1.171739,1.080091,-0.875341,-0.335023,-0.219671,0.960704,-0.740548,-1.187883
374,374,0,0.602778,0.143755,0.596872,0.357589,-1.379454,0.240047,-0.117484,-0.414715,2.873574,-0.427578
375,375,1,-0.573451,-1.334867,-0.557627,-0.574632,-0.112597,-0.681083,-1.054776,-0.77924,-0.860264,-0.816043
376,376,1,-0.52168,0.050934,-0.579073,-0.528926,-0.112597,-0.44762,-0.703741,-0.479428,-0.253596,-0.640929
377,377,1,-0.19449,0.749534,-0.267811,-0.290202,-0.160816,-0.655002,-1.006897,-0.532569,-1.091607,-0.430903
378,378,0,0.938252,0.342424,1.261096,0.74433,2.407967,2.146558,3.028252,1.245441,0.556912,1.986889
379,379,1,-0.766038,0.130727,-0.824806,-0.68749,0.141652,-0.981341,-0.883505,-1.089406,0.484112,-1.007782
380,380,1,-0.461626,-0.748629,-0.430739,-0.49412,0.978917,-0.198253,-0.446594,0.013609,-0.839233,0.087789
381,381,1,-0.604513,0.510153,-0.603497,-0.580082,0.992068,0.268037,0.017326,-0.508663,0.493818,0.30779
382,382,0,-0.523751,0.114443,-0.456653,-0.507831,0.268776,0.985603,0.854974,1.094698,4.648279,1.055903
383,383,1,-0.538247,0.076989,-0.587413,-0.523125,0.772888,-0.091382,-0.584763,-0.641591,-0.748637,0.081139
384,384,1,-1.140857,0.187723,-1.043732,-0.91303,1.03152,-0.153087,-0.037365,-0.260622,-0.450966,0.052877
385,385,1,-0.416068,-0.47668,-0.454866,-0.436812,-1.309316,-0.007411,0.28119,-0.378019,-1.379572,-0.424808
386,386,0,1.021085,0.60786,1.037702,0.841015,1.566318,0.871734,1.358234,1.484498,0.46308,0.994946
387,387,0,2.998723,0.124213,2.74741,3.977131,0.172337,-0.581845,0.066741,1.026178,-0.632157,-1.053223
388,388,0,0.78294,0.101415,0.698144,0.666982,-0.682463,-0.269501,-0.193765,0.499338,-0.146823,-0.646471
389,389,1,-0.505114,0.785359,-0.470652,-0.537716,-0.086295,-0.050669,-0.138113,0.089742,0.115258,0.480133
390,390,1,0.083001,-0.678606,0.123277,-0.032492,-0.130131,0.526946,0.495639,0.407978,0.246298,0.204716
391,391,1,-1.105653,-0.014204,-1.136664,-0.907756,-0.546572,-1.010222,-0.857262,-1.159448,-0.56421,-0.262993
392,392,1,-0.136507,-1.318583,-0.165645,-0.211623,-0.809587,-0.974344,-0.777623,-0.533787,-0.916886,-1.248287
393,393,1,-0.542388,-1.426059,-0.570137,-0.551428,-0.042459,-0.595204,-0.855583,-0.492827,-0.203445,0.592627
394,394,1,-0.192419,-0.523905,-0.29998,-0.271919,-1.545592,-0.457162,-0.555498,-0.828574,-0.891002,-0.765061
395,395,0,0.604849,1.335771,0.492622,0.473611,-0.625477,-0.630828,-0.605872,-0.22621,0.076431,0.031819
396,396,1,-0.801242,-0.615097,-0.751235,-0.725988,0.124117,-0.33884,-0.060394,-0.613574,0.065106,0.435246
397,397,1,-0.310456,-0.843079,-0.285682,-0.357354,0.676449,-0.18235,0.137744,-0.264733,1.534051,0.132121
398,398,1,-0.950341,-0.877276,-0.980288,-0.807731,-1.287398,-1.221866,-1.086104,-1.129299,-0.837615,-0.726824
399,399,0,1.070784,0.860267,0.969195,0.950006,0.895629,-0.443803,0.602144,0.487156,-0.983215,-1.276549
400,400,1,-1.142928,-0.781198,-1.166747,-0.923578,0.62823,-1.021418,-1.111867,-0.959523,-0.096672,-0.121683
401,401,1,-1.489377,0.853754,-1.492009,-1.112026,-0.296707,-1.08694,-1.305831,-1.745063,0.254387,0.855298
402,402,1,-0.832304,1.549097,-0.872165,-0.746907,0.768505,-0.728158,-0.766109,-0.810759,0.822228,-0.137199
403,403,0,0.681469,0.751162,0.555172,0.364621,1.000835,1.232425,0.601665,0.506951,1.767012,1.244317
404,404,1,-0.637646,-1.517252,-0.715492,-0.609263,-1.664826,-1.205453,-1.22552,-1.33699,-1.004247,-0.757302
405,405,1,0.029159,-1.036863,0.206678,-0.127243,-0.822738,0.689798,0.326287,0.354685,0.086138,-0.018055
406,406,1,-0.710125,-0.522276,-0.758086,-0.658133,-0.327392,-1.062767,-0.870407,-0.783351,0.655596,-0.752869
407,407,1,-0.842658,-1.088973,-0.890335,-0.742864,-0.283557,-1.150045,-1.282059,-1.575895,-0.230947,-1.113072
408,408,1,-1.04767,-0.408286,-1.05654,-0.878399,0.325762,-0.75742,-1.205802,-1.046314,0.47764,-0.213673
409,409,1,-0.293889,-1.079202,-0.39172,-0.346631,-0.200268,-0.796225,-0.57037,-0.340866,-0.599801,-1.044356
410,410,0,2.452025,-1.173652,2.419765,2.845036,-0.796437,-0.653093,0.229857,0.683579,-2.026684,-1.590202
411,411,1,-0.200702,-0.317093,-0.00778,-0.301628,-1.879621,1.049853,1.94833,0.54654,-0.813348,1.344065
412,412,1,-0.003974,-0.033745,-0.004802,-0.124606,-1.432057,-0.013773,-0.10645,-0.465267,-0.078876,0.456304
413,413,1,-0.954483,-0.147736,-0.98833,-0.823201,-1.414523,-1.150045,-1.305831,-1.745063,-0.716282,-0.998915
414,414,1,-0.879933,-0.107025,-0.937396,-0.77521,0.040829,-0.95017,-0.756994,-0.975815,-0.722753,-0.143295
415,415,1,-0.46991,0.54435,-0.56835,-0.477771,-2.240829,-1.399158,-1.267561,-1.60408,-0.97998,-1.41398
416,416,1,-0.49683,1.681,-0.570733,-0.502558,-0.393146,-0.940628,-0.890701,-0.755639,-0.798788,-1.058764
417,417,1,-0.428493,0.573662,-0.426569,-0.455973,-0.805204,-0.557036,-0.724371,-0.890242,-0.426699,-0.962341
418,418,1,-0.743259,-0.662322,-0.731874,-0.686963,-0.787669,-0.479427,-0.717654,-0.90623,-1.120727,-0.419266
419,419,0,0.774656,-1.002666,0.823244,0.608971,-0.301091,0.171344,-0.111727,0.47193,-0.234183,-0.263547
420,420,1,-0.708054,-1.499339,-0.764341,-0.646003,-1.414523,-1.278291,-1.108365,-1.463066,-0.983215,-1.306473
421,421,1,-0.240048,-0.015832,-0.313383,-0.327294,-0.748217,-0.976252,-1.052282,-0.899073,-0.871589,-0.710199
422,422,1,-0.376722,-0.211245,-0.36104,-0.445953,-0.480818,-0.566578,-0.963911,-0.772997,0.666921,-0.365513
423,423,1,-1.105653,-0.2373,-1.106878,-0.910393,-0.792053,-1.06951,-1.10635,-1.269232,-1.089989,-0.896396
424,424,0,1.646474,0.080246,1.621505,1.528359,-0.419448,-0.147362,0.209227,0.455181,-1.072193,-0.702441
425,425,1,-1.192628,-1.061289,-1.236744,-0.957505,0.790423,-1.012194,-0.96228,-0.645398,-0.232565,-0.120021
426,426,1,-0.674921,0.56552,-0.693153,-0.637214,1.645223,-0.220518,0.190997,-0.484605,-0.116085,0.242399
427,427,1,-0.382935,-0.606955,-0.239812,-0.432944,-0.156432,0.451882,0.344038,-0.244025,1.124753,0.427488
428,428,1,-0.809525,-1.217619,-0.869485,-0.721769,-0.669312,-1.089867,-1.216885,-1.143155,-0.263303,-0.393221
429,429,1,-1.055953,-0.462024,-1.052072,-0.887716,0.360831,-0.70144,-0.990537,-0.89618,0.249533,0.223003
430,430,1,-0.434706,1.027997,-0.432526,-0.452984,-0.296707,-0.469885,-0.715735,-0.780458,0.322334,-0.106167
431,431,1,-0.966908,-2.223994,-1.00084,-0.820212,0.492339,-0.817853,-0.80353,-1.044183,-1.311625,-0.385462
432,432,1,-0.979333,-1.054776,-1.014542,-0.830233,-1.085753,-1.185478,-1.305831,-1.745063,-0.308601,-1.236095
433,433,1,-0.556884,0.488984,-0.592774,-0.575863,0.562476,-0.130186,-0.496009,-0.497395,-1.02366,0.380938
434,434,1,-1.087016,-1.339752,-1.114026,-0.900022,-0.213419,-0.989865,-1.20182,-1.352369,1.061659,-0.207578
435,435,0,0.971385,0.944946,0.879838,0.763667,2.039746,1.075298,0.989305,1.411411,1.302709,1.67656
436,436,0,1.534649,0.611116,1.535126,1.433432,0.102199,0.539669,1.060308,1.183012,0.636183,0.595398
437,437,0,1.948814,1.041024,1.815113,2.006511,0.194255,0.355188,0.8046,1.726601,-1.02366,-0.537302
438,438,1,-0.778463,-0.795854,-0.821827,-0.711573,0.90878,-0.905004,-0.83457,-0.748025,-0.080494,0.204162
439,439,0,1.571924,0.827699,1.666184,1.545938,0.615079,0.670714,1.178807,1.472317,-0.68069,0.334943
440,440,1,-0.281464,-1.036863,-0.319638,-0.336962,-1.269864,-0.970527,-1.005506,-0.494046,-1.237207,-0.933525
441,441,1,-0.751542,-0.978239,-0.754511,-0.711749,0.400283,-0.237058,-0.201441,-0.062524,-0.184032,-0.536193
442,442,0,2.826844,0.204007,2.932082,3.096417,0.080281,1.046672,0.928856,2.02352,0.414547,0.707338
443,443,1,-0.8965,-1.030349,-0.788765,-0.786636,0.036445,0.862192,0.308536,-0.532112,-0.517295,1.332982
444,444,0,0.118205,0.322883,0.141149,-0.007178,-0.844656,-0.393548,-0.191846,-0.041207,-0.148441,-1.167934
445,445,0,0.756019,-0.066314,0.647508,0.619518,-0.042459,-0.195073,0.038435,0.106491,-0.175943,-0.131104
446,446,1,-0.674921,-0.698148,-0.680345,-0.631237,-0.003007,-0.955896,-0.576127,-0.07166,-0.531855,-0.719066
447,447,1,-0.830233,-0.976611,-0.848337,-0.743216,0.093432,-0.270137,-0.443716,-0.691687,-0.924975,-0.144403
448,448,0,-0.256615,1.031253,0.045834,-0.321493,1.43481,3.296698,2.02509,1.61697,1.124753,3.278077
449,449,1,-0.548601,-1.650784,-0.591583,-0.533673,-1.587236,-0.887829,-0.736844,-0.928004,-0.957331,-0.819922
450,450,1,-0.003974,0.083503,0.05477,-0.124431,-0.046843,0.310022,-0.440357,0.522178,0.09908,0.042902
451,451,1,-0.304244,0.247975,-0.295809,-0.361046,0.45727,0.017398,0.343558,0.467362,-0.379783,-0.392666
452,452,1,-0.581734,-0.963583,-0.643112,-0.572523,-0.121364,-1.168303,-0.807368,-0.849434,-0.837615,-1.099772
453,453,1,0.403979,0.389649,0.388371,0.266178,-1.956334,-0.529682,-0.402937,-0.460547,-0.604655,-1.342493
454,454,1,-0.72255,0.176323,-0.732768,-0.663758,0.391516,-0.477519,-0.936038,-0.770256,-0.512441,-0.165462
